"Taxa","PlantHeight","COUNTRY.of.origin"
1190004,95.5,"Iraq"
1190005,93,"Australia"
1190006,87.67,"Australia"
1190007,88.25,"Australia"
1190008,100,"Portugal"
1190009,103.25,"Portugal"
1190010,97.25,"India"
1190011,96.25,"India"
1190012,89,"India"
1190013,88.5,"Bulgaria"
1190014,82.25,"Yugoslavia"
1190015,83.5,"Yugoslavia"
1190016,104,"Spain"
1190017,98.75,"Spain"
1190018,87.75,"India"
1190019,90,"India"
1190020,86,"India"
1190021,89.5,"India"
1190022,104,"Australia"
1190023,92,"Australia"
1190024,75,"Australia"
1190025,89.25,"Australia"
1190026,110.5,"Australia"
1190027,117.25,"Australia"
1190028,83,"Australia"
1190029,89.25,"Australia"
1190030,92.75,"Australia"
1190031,88.5,"Australia"
1190032,92,"India"
1190033,92,"India"
1190034,83,"India"
1190035,80.5,"Poland"
1190036,79.25,"Poland"
1190037,91,"Poland"
1190038,92.25,"Poland"
1190039,84.5,"Italy"
1190040,77.75,"France"
1190041,83.5,"France"
1190042,72.67,"France"
1190043,110.5,"Tunisia"
1190044,96,"Morocco"
1190045,97.5,"Syria"
1190046,78.33,"Crete"
1190047,107.5,"Spain"
1190048,106,"Spain"
1190049,97.25,"Spain"
1190050,110.5,"Spain"
1190051,110.5,"Spain"
1190052,77,"Spain"
1190053,105.25,"Spain"
1190054,106.5,"Spain"
1190055,103.5,"Spain"
1190056,85.5,"Spain"
1190057,111.5,"Portugal"
1190058,100.75,"Portugal"
1190059,102,"Portugal"
1190060,114.25,"Portugal"
1190061,120.67,"Spain"
1190062,85,"Spain"
1190063,108.25,"Spain"
1190064,113.75,"Spain"
1190065,109.75,"Spain"
1190066,109.5,"Spain"
1190067,101.5,"Spain"
1190068,111.75,""
1190069,98,"Spain"
1190070,109,"Spain"
1190071,91.25,"Bulgaria"
1190072,96.75,"Yugoslavia"
1190073,106,"Bulgaria"
1190074,100.25,"Yugoslavia"
1190075,83.75,"Yugoslavia"
1190076,70.5,"Yugoslavia"
1190077,97.25,"Yugoslavia"
1190078,105,"Yugoslavia"
1190079,96.5,"India"
1190080,120.25,"India"
1190081,102.75,"India"
1190082,93.75,"India"
1190083,120.25,"Spain"
1190084,104.5,"Spain"
1190085,105.5,"Spain"
1190086,122,"India"
1190087,113.5,"India"
1190088,103.25,"Poland"
1190089,105,"Australia"
1190090,95.33,"Australia"
1190091,84.75,"India"
1190092,78,"India"
1190093,88.5,"India"
1190094,111.5,"India"
1190095,79.75,"China"
1190096,89.33,"Romania"
1190098,104.5,"Poland"
1190102,109.25,"Italy"
1190103,116.25,"Italy"
1190104,94.5,"Italy"
1190105,94.5,"France"
1190106,110.75,"France"
1190107,89,"France"
1190108,109.75,"France"
1190109,114.33,"France"
1190110,101.25,"France"
1190111,115.5,"Morocco"
1190112,108,"Turkey"
1190113,103.25,"Spain"
1190114,103,"Yugoslavia"
1190115,108.25,"Yugoslavia"
1190116,107.75,"Spain"
1190117,110.25,"Spain"
1190118,102.75,"Portugal"
1190119,96,"India"
1190120,116,"Australia"
1190121,95.5,"Australia"
1190122,89.75,"Australia"
1190123,103.25,"Australia"
1190124,79,"India"
1190125,84.25,"India"
1190126,79,"India"
1190127,109.5,"India"
1190128,92,"India"
1190129,99.75,"India"
1190130,99,"Spain"
1190131,96.75,"Spain"
1190132,89.33,"Australia"
1190133,102.75,"Australia"
1190134,98.75,"Australia"
1190135,101.5,"Australia"
1190136,101.25,"Australia"
1190137,88.25,"Australia"
1190138,100.75,"Australia"
1190139,110.25,"France"
1190140,111.75,"Turkey"
1190141,125.5,"China"
1190142,113.5,"Morocco"
1190143,97.75,"Spain"
1190144,115.25,"Spain"
1190146,116,"Spain"
1190147,94.5,"Iraq"
1190148,94.75,"Australia"
1190149,111.5,"United Kingdom"
1190150,108.67,"United Kingdom"
1190151,98.25,"Portugal"
1190152,112,"Portugal"
1190153,100.75,"Portugal"
1190154,114.25,"Portugal"
1190155,104.5,"Portugal"
1190156,111.75,"Yugoslavia"
1190157,104,"Yugoslavia"
1190158,100,"Greece"
1190159,108.5,"Bulgaria"
1190160,112,"Spain"
1190161,109.25,"Spain"
1190162,102.25,"Spain"
1190163,113.5,"Spain"
1190165,113,"India"
1190166,103.75,"India"
1190167,93.5,"India"
1190168,115.75,"China"
1190169,109,"China"
1190170,120,"China"
1190171,120.75,"China"
1190172,118.75,"India"
1190173,125.75,"Australia"
1190174,101.5,"India"
1190175,110.5,"China"
1190176,85.75,"Afghanistan"
1190177,100.25,"Portugal"
1190178,96.25,"Yugoslavia"
1190179,94.5,"Greece"
1190180,114.75,"Spain"
1190181,99.25,"Poland"
1190182,80,"Poland"
1190183,109.25,"Poland"
1190184,107.5,"Poland"
1190185,84.75,"Italy"
1190186,98,"Italy"
1190187,114.75,"Italy"
1190188,92.75,"France"
1190189,100,"France"
1190190,93.75,"France"
1190191,75.75,"France"
1190192,98.75,"France"
1190193,99.25,"France"
1190194,111.75,"France"
1190195,91.5,"India"
1190196,89,""
1190197,83.5,"India"
1190198,117.25,"India"
1190199,71.25,"India"
1190200,82,"France"
1190201,115.25,"Spain"
1190202,123.5,"Spain"
1190203,87,"India"
1190204,120.25,"India"
1190205,119.5,"India"
1190206,124,"India"
1190207,104.5,"Iran"
1190208,103,"India"
1190209,97.25,"Egypt"
1190210,98.75,"India"
1190211,128,"France"
1190212,113.5,"Morocco"
1190213,114.5,"Morocco"
1190214,103.25,"Morocco"
1190215,101.25,"Morocco"
1190216,99.5,"Morocco"
1190217,97.5,"Morocco"
1190218,110.75,"Tunisia"
1190219,97.25,"Spain"
1190220,116.25,"Spain"
1190221,107,"Spain"
1190222,105.25,"Crete"
1190223,96.25,"Burma"
1190224,105.25,"China"
1190225,106.75,"Canary Islands"
1190226,107.5,"Spain"
1190227,109.75,"Spain"
1190228,103,"Spain"
1190229,108.75,"Portugal"
1190230,102.5,"Portugal"
1190231,95.25,"Hungary"
1190232,117.25,"India"
1190233,102.5,"India"
1190234,86.5,"Yugoslavia"
1190235,79.5,"Greece"
1190236,87.5,"Greece"
1190237,97.25,"Iran"
1190238,107.5,"Iran"
1190239,109.75,"Spain"
1190240,99,"Iran"
1190241,86.5,"India"
1190242,98,"India"
1190243,108.25,"India"
1190244,117.5,"India"
1190245,84.5,"Australia"
1190246,83.25,"India"
1190247,88.75,"India"
1190248,113.75,"India"
1190249,101,"India"
1190250,96,"China"
1190251,92.75,"Australia"
1190252,98.5,"Algeria"
1190253,103,"Morocco"
1190254,96,"Morocco"
1190255,96,"Tunisia"
1190256,80,"Tunisia"
1190257,87.25,"Tunisia"
1190258,95.75,"Morocco"
1190259,85.25,"Morocco"
1190260,92.25,"Canary Islands"
1190261,80,"Canary Islands"
1190262,82.5,"Canary Islands"
1190263,76.25,"Canary Islands"
1190264,89.5,"Canary Islands"
1190265,102.25,"Canary Islands"
1190266,106,"Spain"
1190267,97,"Spain"
1190268,106.5,"Spain"
1190269,117.5,"Spain"
1190270,94.25,"Spain"
1190271,103.25,"Spain"
1190272,93.5,"Spain"
1190273,102,"Spain"
1190274,92.75,"Spain"
1190275,91,"Spain"
1190276,84.75,"Spain"
1190277,87.25,"Spain"
1190278,60.33,"Spain"
1190279,96.25,"Spain"
1190280,76.75,"Spain"
1190281,94,"Greece"
1190282,102,"Greece"
1190283,91.25,"Greece"
1190284,100,"Greece"
1190285,95,"Greece"
1190286,79.25,"Greece"
1190287,95,"Crete"
1190288,80.5,"Crete"
1190289,97.25,"Crete"
1190290,77.75,"Crete"
1190291,87,"Cyprus"
1190292,60.75,"Cyprus"
1190293,78.75,"Turkey"
1190294,101.75,"Turkey"
1190295,86.5,"Turkey"
1190296,84.5,"Turkey"
1190297,87.5,"Turkey"
1190298,78.25,"Turkey"
1190299,83,"Turkey"
1190300,89.5,"Turkey"
1190301,97,"Turkey"
1190302,84.5,"Syria"
1190303,88,"Syria"
1190304,84,"Syria"
1190305,78.25,"Egypt"
1190306,79.75,"Iraq"
1190308,80.75,"Iran"
1190314,95,"China"
1190315,113,"China"
1190316,106,"China"
1190317,100,"China"
1190318,100.75,"China"
1190319,81.5,"China"
1190320,82,"China"
1190321,116.25,"China"
1190322,104,"China"
1190323,74.5,"China"
1190324,74.25,"China"
1190325,71,"United Kingdom"
1190326,81.25,"Australia"
1190327,83,"Palestine"
1190328,95,"Egypt"
1190329,73,""
1190330,75.75,"Egypt"
1190331,74.5,"Brazil"
1190332,69.67,""
1190333,68,""
1190334,94.25,""
1190335,84.75,""
1190336,91.75,"Hungary"
1190337,90.25,"Hungary"
1190338,96,"Hungary"
1190339,98.25,"Portugal"
1190340,93.75,"Spain"
1190341,97,"Spain"
1190342,85,"Spain"
1190343,101.25,"Spain"
1190344,109,"Spain"
1190345,87.25,"Bulgaria"
1190346,92.75,"Bulgaria"
1190347,96.25,"Bulgaria"
1190348,100,"Bulgaria"
1190349,105.75,"Bulgaria"
1190351,108.25,"Yugoslavia"
1190352,137.5,"Yugoslavia"
1190353,114,"Yugoslavia"
1190354,106.5,"Yugoslavia"
1190355,85.5,"Yugoslavia"
1190356,114.25,"Yugoslavia"
1190357,104.25,"Yugoslavia"
1190358,94.5,"Yugoslavia"
1190359,103,"Yugoslavia"
1190360,96.25,"Yugoslavia"
1190361,105.75,"Yugoslavia"
1190362,100.75,"Yugoslavia"
1190363,106.25,"Yugoslavia"
1190364,109,"Yugoslavia"
1190365,110.75,"Yugoslavia"
1190366,114,"Yugoslavia"
1190367,103.33,"Bulgaria"
1190368,106.25,"Yugoslavia"
1190369,101.5,"Yugoslavia"
1190370,109.25,"Yugoslavia"
1190371,100.5,"Yugoslavia"
1190372,107.75,"Yugoslavia"
1190373,111.5,"Iran"
1190374,103,"Iran"
1190375,96,"Iran"
1190376,89.5,"Iran"
1190377,107.75,"Iran"
1190378,104.25,"Iran"
1190379,96.75,"Iran"
1190380,102,"Iran"
1190381,97.5,"India"
1190382,109,"India"
1190383,107.75,"Greece"
1190384,94,"Greece"
1190386,110.5,"Spain"
1190387,100.75,"Spain"
1190388,108.25,"Spain"
1190389,110,"Portugal"
1190390,111.25,"Portugal"
1190391,121,"Portugal"
1190392,106.25,"Portugal"
1190393,112.25,"Portugal"
1190394,118.75,"Portugal"
1190395,108.25,"Portugal"
1190396,105.25,"Portugal"
1190397,125.25,"Portugal"
1190398,70,"Palestine"
1190399,114.25,"China"
1190400,109.75,"China"
1190401,97.25,"Portugal"
1190402,96,"Greece"
1190403,96.67,"Spain"
1190404,105.25,"Iran"
1190405,88.5,"Iran"
1190406,116.25,"India"
1190407,116,"India"
1190408,83,"India"
1190409,96.5,"India"
1190410,105,"India"
1190411,120.75,"India"
1190412,113,"India"
1190413,106.25,"India"
1190414,105.25,"India"
1190415,81.75,"India"
1190416,118,"India"
1190417,113,"India"
1190418,94.75,"India"
1190419,101,"India"
1190420,110,"India"
1190421,105.75,"India"
1190422,104.25,"India"
1190423,112,"India"
1190424,85.75,"India"
1190425,112.75,"India"
1190426,115.75,"India"
1190427,93.5,"India"
1190428,101.5,"India"
1190429,98.25,"India"
1190430,92.75,"India"
1190431,97.5,"India"
1190432,103.5,"India"
1190433,97,"India"
1190434,109.5,"China"
1190435,97,"China"
1190436,92.33,"China"
1190437,109,"China"
1190438,78.5,"China"
1190439,92.75,"China"
1190440,92.75,"China"
1190441,108.25,"China"
1190442,117.5,"China"
1190443,102.25,"China"
1190444,103.75,"China"
1190445,107,"China"
1190446,78.5,"China"
1190447,85,"China"
1190448,86.5,"Romania"
1190449,102.25,"Romania"
1190450,85,"Romania"
1190451,88,"Romania"
1190452,78.5,"Afghanistan"
1190453,93.5,"Afghanistan"
1190454,97,"Afghanistan"
1190455,96.5,"Afghanistan"
1190456,97.75,"Afghanistan"
1190457,97.5,"Afghanistan"
1190458,92.25,"Afghanistan"
1190459,100,"Afghanistan"
1190460,106,"Afghanistan"
1190461,85.5,"Afghanistan"
1190462,79.75,"Afghanistan"
1190463,89,"Afghanistan"
1190464,99.25,"Afghanistan"
1190465,80.75,"Afghanistan"
1190466,84,"Afghanistan"
1190467,89,"Afghanistan"
1190468,75.25,"Afghanistan"
1190469,99.25,"Afghanistan"
1190470,80.75,"Afghanistan"
1190471,93.75,"Afghanistan"
1190472,81.25,"Afghanistan"
1190473,93.25,"Afghanistan"
1190474,78,"Afghanistan"
1190475,96,"Afghanistan"
1190476,83.75,"Afghanistan"
1190477,89.75,"Portugal"
1190478,97.75,"Afghanistan"
1190479,91.5,"Poland"
1190481,76.25,"Poland"
1190482,74,"Poland"
1190483,106,"Poland"
1190484,104.25,"Italy"
1190485,99,"Algeria"
1190486,108.75,"USSR"
1190487,100.25,"USSR"
1190488,97.5,"USSR"
1190489,97.25,"USSR"
1190490,117.5,"France"
1190491,117,"France"
1190492,108.25,"Spain"
1190493,122.25,"Tunisia"
1190494,105.5,"Spain"
1190495,94.25,"Morocco"
1190496,99.5,"Morocco"
1190497,108.5,"Morocco"
1190498,109.75,"Turkey"
1190499,100,"Turkey"
1190500,81,"Iraq"
1190501,101.5,"Iraq"
1190502,102.25,"Burma"
1190503,81.33,"Burma"
1190504,104.25,"China"
1190505,113,"Iran"
1190506,106.75,"Iran"
1190507,106.5,"Australia"
1190508,101,"Greece"
1190509,112.5,"Portugal"
1190510,102.5,"Portugal"
1190511,122.25,"India"
1190512,106.75,"India"
1190513,111.25,"Iran"
1190514,106.33,"Iran"
1190515,93.75,"Iran"
1190516,105.75,"India"
1190517,96.25,"India"
1190518,76,"India"
1190519,118.5,"India"
1190520,96,"India"
1190521,77,"India"
1190522,89,"India"
1190523,105,"India"
1190524,89.75,"India"
1190525,126.5,"India"
1190526,116,"India"
1190527,102.25,"India"
1190528,111.25,"China"
1190529,107,"Afghanistan"
1190530,105.5,"Afghanistan"
1190531,112.5,"Spain"
1190532,104,"Tunisia"
1190533,104,"Morocco"
1190534,102.67,"Morocco"
1190536,99.33,"Morocco"
1190537,109,"Tunisia"
1190538,120.5,"Tunisia"
1190539,105.25,"Spain"
1190540,119.5,"Spain"
1190541,106.25,"Spain"
1190542,109.75,"Spain"
1190543,98,"Spain"
1190544,116.5,"Spain"
1190545,121.5,"Spain"
1190546,119.5,"Spain"
1190547,103.25,"Spain"
1190548,104.25,"Spain"
1190549,111.75,"Spain"
1190550,104,"Spain"
1190551,118.75,"Spain"
1190552,96,"Canary Islands"
1190553,111.75,"Canary Islands"
1190554,95.25,"Canary Islands"
1190555,87.5,"Spain"
1190556,98,"Canary Islands"
1190557,104,"Canary Islands"
1190558,102.75,"Canary Islands"
1190559,101.67,"Spain"
1190560,109.5,"Greece"
1190561,96,"Crete"
1190562,111.75,"Greece"
1190563,112.25,"Crete"
1190564,110.75,"Greece"
1190565,113.5,"Greece"
1190566,103.5,"Greece"
1190567,120,"Greece"
1190568,105.25,"China"
1190569,116.25,"Greece"
1190570,108.5,"Greece"
1190571,106,"Turkey"
1190572,107,"Syria"
1190573,91.25,"Turkey"
1190574,114,"Turkey"
1190575,112,"Iran"
1190576,105.25,"Iran"
1190577,113,"Iran"
1190578,116,"Iran"
1190579,117,"Iran"
1190580,110.25,"Iran"
1190581,112.25,"Iran"
1190582,112.25,"China"
1190583,114.75,"China"
1190584,115.75,"China"
1190585,110.75,"China"
1190586,89,"China"
1190587,103,"China"
1190588,112.25,"China"
1190589,116.25,"China"
1190590,81.5,"Portugal"
1190591,117,"Portugal"
1190592,121.25,"Portugal"
1190593,110.5,"Portugal"
1190594,95.25,"Portugal"
1190595,112,"Portugal"
1190596,96.5,"Portugal"
1190597,117.75,"Portugal"
1190598,116.5,"Portugal"
1190599,119.25,"Portugal"
1190600,112.75,"Spain"
1190601,111,"Spain"
1190602,116.25,"Spain"
1190603,121,"Spain"
1190604,100.67,"Spain"
1190605,102.75,"Greece"
1190606,108.25,"Greece"
1190607,121,"Yugoslavia"
1190608,103.25,"Yugoslavia"
1190609,110.75,"Yugoslavia"
1190610,98.75,"Yugoslavia"
1190611,107.5,"Yugoslavia"
1190612,120,"Yugoslavia"
1190613,103.25,"Yugoslavia"
1190614,113.67,"Yugoslavia"
1190615,113.33,"Yugoslavia"
1190616,107,"Yugoslavia"
1190617,115.75,"Yugoslavia"
1190618,113.5,"Yugoslavia"
1190619,108.25,"Yugoslavia"
1190620,105.5,"Yugoslavia"
1190621,106.25,"Bulgaria"
1190622,93.25,"Bulgaria"
1190623,103.75,"Bulgaria"
1190624,75,"Bulgaria"
1190625,99,"Iran"
1190626,106.75,"Iran"
1190627,104.25,"Iran"
1190628,103.5,"Iran"
1190629,100.5,"Iran"
1190630,111,"Iran"
1190631,120.67,"Iran"
1190632,122.25,"Iran"
1190633,106.25,"India"
1190634,110.5,"Hungary"
1190635,112.25,"Hungary"
1190636,101,"Tunisia"
1190637,105.75,"Turkey"
1190638,112.25,"Crete"
1190639,125.25,"Crete"
1190640,90.5,"Iran"
1190641,121.25,"India"
1190642,95.25,"India"
1190643,97,"India"
1190644,91.75,"India"
1190645,93,"India"
1190646,89.5,"India"
1190647,91.5,"China"
1190648,122.5,"China"
1190649,94.5,"China"
1190650,104.5,"China"
1190651,81.25,"China"
1190652,100.75,"China"
1190653,116.25,"China"
1190654,105,"China"
1190655,104.75,"China"
1190656,105.5,"China"
1190657,103.25,"China"
1190658,103.75,"China"
1190659,98.25,"China"
1190660,101,"China"
1190661,99.25,"USSR"
1190662,98.75,"Romania"
1190663,78.25,"Romania"
1190667,101,"Afghanistan"
1190668,105,"Yugoslavia"
1190670,121,"Poland"
1190671,110.5,"USSR"
1190672,89.25,"Poland"
1190673,112.5,"USSR"
1190674,111,"Iraq"
1190675,117.25,"Tunisia"
1190676,93.5,"Tunisia"
1190677,93,"Spain"
1190678,104,"Iran"
1190679,108.75,"Iran"
1190680,112,"Italy"
1190681,107,"Iran"
1190682,113,"Crete"
1190683,96.25,"Spain"
1190684,97,"Iran"
1190685,98.75,"Spain"
1190686,101.25,"Morocco"
1190687,97.75,"Tunisia"
1190688,96.5,"Spain"
1190689,87.5,"Spain"
1190690,87.75,"Greece"
1190691,91.5,"Greece"
1190692,93.25,"India"
1190693,100.5,"Iraq"
1190694,98,"India"
1190695,90.25,"China"
1190696,78,"India"
1190697,77,"India"
1190698,107.5,"China"
1190699,107.5,"China"
1190700,100.75,"China"
1190701,102.67,"Iran"
1190702,91.5,"Iran"
1190703,97,"China"
1190704,94.75,"Iran"
1190705,90.5,"Iran"
1190706,87.75,"India"
1190707,95,"India"
1190708,66.5,"India"
1190710,79.75,"India"
1190711,88.75,"India"
1190712,77.75,"India"
1190713,76.75,"India"
1190714,84.5,"India"
1190715,92,"India"
1190716,89.75,"India"
1190717,88.75,"China"
1190718,110.25,"China"
1190719,92.5,"China"
1190720,110.5,"China"
1190721,98.75,"China"
1190722,82,"China"
1190723,97.75,"Afghanistan"
1190724,67.75,"India"
1190725,96.25,"China"
1190726,92,"China"
1190727,100.75,"China"
1190728,71.5,"Iraq"
1190729,58.25,"Iran"
1190730,49.5,"India"
1190731,85.5,"India"
1190732,69.5,"India"
1190733,110,"Iran"
1190734,100.25,"USSR"
1190735,80.75,"Algeria"
1190736,44.5,"USSR"
1190737,90.75,"Italy"
1190738,97,"USSR"
1190739,105.5,"India"
1190740,94,"USSR"
1190741,96.5,"Afghanistan"
1190742,98,"Algeria"
1190743,111.25,"USSR"
1190744,73.5,"India"
1190745,89,"USSR"
1190746,90.5,"USSR"
1190747,97,"Ethiopia"
1190748,96.75,"USSR"
1190749,98.25,"USSR"
1190750,80.5,"USSR"
1190751,65.25,"USSR"
1190752,95.25,"USSR"
1190753,72,"USSR"
1190754,61.67,"USSR"
1190755,71.75,"USSR"
1190756,83.75,"Italy"
1190757,79.25,"Italy"
1190758,86.33,"Italy"
1190759,83.25,"USSR"
1190760,110.5,"USSR"
1190761,104.25,"USSR"
1190762,85,"Algeria"
1190763,85.5,"India"
1190764,99.75,"India"
1190765,100.33,"USSR"
1190766,84.25,"Algeria"
1190767,103,"USSR"
1190768,100,"India"
1190769,100.5,"Algeria"
1190770,93,"USSR"
1190771,94.5,"USSR"
1190772,81.75,"USSR"
1190773,95,"USSR"
1190774,107.75,"Ethiopia"
1190775,101.75,"USSR"
1190776,83.25,"USSR"
1190777,90.5,"Finland"
1190778,107,"Italy"
1190779,93,"USSR"
1190780,86.5,"USSR"
1190781,99,"USSR"
1190782,87.33,"USSR"
1190783,106.75,"USSR"
1190784,98,"Italy"
1190786,131,"USSR"
1190787,123.5,"USSR"
1190788,139.75,"USSR"
1190789,115.25,"USSR"
1190790,124,"USSR"
1190792,121.67,"USSR"
1190793,120,"USSR"
1190794,101.75,"USSR"
1190795,103.75,"USSR"
1190796,82.75,"USSR"
1190797,138,"USSR"
1190798,135.5,"USSR"
1190799,119.25,"USSR"
1190800,83,"USSR"
1190801,76.33,"USSR"
1190802,110,"USSR"
1190803,105.25,"India"
1190804,88,"USSR"
1190805,96,"USSR"
1190806,89.25,"Italy"
1190807,109,"USSR"
1190808,112.33,"USSR"
1190809,86.25,"USSR"
1190810,79.75,"USSR"
1190811,92.75,"Tunisia"
1190812,102.5,"China"
1190813,109.5,"India"
1190814,110,"Tunisia"
1190815,82,""
1190816,82.75,"Italy"
1190817,101,"China"
1190818,96.75,"China"
1190819,105.33,"China"
1190820,104,"China"
1190821,100.5,"China"
1190822,105.25,"China"
1190823,88.25,"China"
1190824,119.25,"China"
1190825,117.75,"China"
1190826,102,"China"
1190827,110.75,"China"
1190828,99.75,"China"
1190829,103.5,"China"
1190903,102.75,"India"
1190904,103.25,"Spain"
1190912,93,"Hungary"
