acc_no,origin,COUNTRY.of.origin
1190001,MAR,Morocco
1190002,CRT,Crete
1190003,IRN,Iran
1190004,IRQ,Iraq
1190005,AUS,Australia
1190006,AUS,Australia
1190007,AUS,Australia
1190008,PRT,Portugal
1190009,PRT,Portugal
1190010,IND,India
1190011,IND,India
1190012,IND,India
1190013,BGR,Bulgaria
1190014,YUG,Yugoslavia
1190015,YUG,Yugoslavia
1190016,ESP,Spain
1190017,ESP,Spain
1190018,IND,India
1190019,IND,India
1190020,IND,India
1190021,IND,India
1190022,AUS,Australia
1190023,AUS,Australia
1190024,AUS,Australia
1190025,AUS,Australia
1190026,AUS,Australia
1190027,AUS,Australia
1190028,AUS,Australia
1190029,AUS,Australia
1190030,AUS,Australia
1190031,AUS,Australia
1190032,IND,India
1190033,IND,India
1190034,IND,India
1190035,POL,Poland
1190036,POL,Poland
1190037,POL,Poland
1190038,POL,Poland
1190039,ITA,Italy
1190040,FRA,France
1190041,FRA,France
1190042,FRA,France
1190043,TUN,Tunisia
1190044,MAR,Morocco
1190045,SYR,Syria
1190046,CRT,Crete
1190047,ESP,Spain
1190048,ESP,Spain
1190049,ESP,Spain
1190050,ESP,Spain
1190051,ESP,Spain
1190052,ESP,Spain
1190053,ESP,Spain
1190054,ESP,Spain
1190055,ESP,Spain
1190056,ESP,Spain
1190057,PRT,Portugal
1190058,PRT,Portugal
1190059,PRT,Portugal
1190060,PRT,Portugal
1190061,ESP,Spain
1190062,ESP,Spain
1190063,ESP,Spain
1190064,ESP,Spain
1190065,ESP,Spain
1190066,ESP,Spain
1190067,ESP,Spain
1190068,,
1190069,ESP,Spain
1190070,ESP,Spain
1190071,BGR,Bulgaria
1190072,YUG,Yugoslavia
1190073,BGR,Bulgaria
1190074,YUG,Yugoslavia
1190075,YUG,Yugoslavia
1190076,YUG,Yugoslavia
1190077,YUG,Yugoslavia
1190078,YUG,Yugoslavia
1190079,IND,India
1190080,IND,India
1190081,IND,India
1190082,IND,India
1190083,ESP,Spain
1190084,ESP,Spain
1190085,ESP,Spain
1190086,IND,India
1190087,IND,India
1190088,POL,Poland
1190089,AUS,Australia
1190090,AUS,Australia
1190091,IND,India
1190092,IND,India
1190093,IND,India
1190094,IND,India
1190095,CHN,China
1190096,ROM,Romania
1190097,POL,Poland
1190098,POL,Poland
1190099,POL,Poland
1190100,POL,Poland
1190101,ITA,Italy
1190102,ITA,Italy
1190103,ITA,Italy
1190104,ITA,Italy
1190105,FRA,France
1190106,FRA,France
1190107,FRA,France
1190108,FRA,France
1190109,FRA,France
1190110,FRA,France
1190111,MAR,Morocco
1190112,TUR,Turkey
1190113,ESP,Spain
1190114,YUG,Yugoslavia
1190115,YUG,Yugoslavia
1190116,ESP,Spain
1190117,ESP,Spain
1190118,PRT,Portugal
1190119,IND,India
1190120,AUS,Australia
1190121,AUS,Australia
1190122,AUS,Australia
1190123,AUS,Australia
1190124,IND,India
1190125,IND,India
1190126,IND,India
1190127,IND,India
1190128,IND,India
1190129,IND,India
1190130,ESP,Spain
1190131,ESP,Spain
1190132,AUS,Australia
1190133,AUS,Australia
1190134,AUS,Australia
1190135,AUS,Australia
1190136,AUS,Australia
1190137,AUS,Australia
1190138,AUS,Australia
1190139,FRA,France
1190140,TUR,Turkey
1190141,CHN,China
1190142,MAR,Morocco
1190143,ESP,Spain
1190144,ESP,Spain
1190145,ESP,Spain
1190146,ESP,Spain
1190147,IRQ,Iraq
1190148,AUS,Australia
1190149,GBR,United Kingdom
1190150,GBR,United Kingdom
1190151,PRT,Portugal
1190152,PRT,Portugal
1190153,PRT,Portugal
1190154,PRT,Portugal
1190155,PRT,Portugal
1190156,YUG,Yugoslavia
1190157,YUG,Yugoslavia
1190158,GRC,Greece
1190159,BGR,Bulgaria
1190160,ESP,Spain
1190161,ESP,Spain
1190162,ESP,Spain
1190163,ESP,Spain
1190164,IND,India
1190165,IND,India
1190166,IND,India
1190167,IND,India
1190168,CHN,China
1190169,CHN,China
1190170,CHN,China
1190171,CHN,China
1190172,IND,India
1190173,AUS,Australia
1190174,IND,India
1190175,CHN,China
1190176,AFG,Afghanistan
1190177,PRT,Portugal
1190178,YUG,Yugoslavia
1190179,GRC,Greece
1190180,ESP,Spain
1190181,POL,Poland
1190182,POL,Poland
1190183,POL,Poland
1190184,POL,Poland
1190185,ITA,Italy
1190186,ITA,Italy
1190187,ITA,Italy
1190188,FRA,France
1190189,FRA,France
1190190,FRA,France
1190191,FRA,France
1190192,FRA,France
1190193,FRA,France
1190194,FRA,France
1190195,IND,India
1190196,,
1190197,IND,India
1190198,IND,India
1190199,IND,India
1190200,FRA,France
1190201,ESP,Spain
1190202,ESP,Spain
1190203,IND,India
1190204,IND,India
1190205,IND,India
1190206,IND,India
1190207,IRN,Iran
1190208,IND,India
1190209,EGY,Egypt
1190210,IND,India
1190211,FRA,France
1190212,MAR,Morocco
1190213,MAR,Morocco
1190214,MAR,Morocco
1190215,MAR,Morocco
1190216,MAR,Morocco
1190217,MAR,Morocco
1190218,TUN,Tunisia
1190219,ESP,Spain
1190220,ESP,Spain
1190221,ESP,Spain
1190222,CRT,Crete
1190223,BUR,Burma
1190224,CHN,China
1190225,CRY,Canary Islands
1190226,ESP,Spain
1190227,ESP,Spain
1190228,ESP,Spain
1190229,PRT,Portugal
1190230,PRT,Portugal
1190231,HUN,Hungary
1190232,IND,India
1190233,IND,India
1190234,YUG,Yugoslavia
1190235,GRC,Greece
1190236,GRC,Greece
1190237,IRN,Iran
1190238,IRN,Iran
1190239,ESP,Spain
1190240,IRN,Iran
1190241,IND,India
1190242,IND,India
1190243,IND,India
1190244,IND,India
1190245,AUS,Australia
1190246,IND,India
1190247,IND,India
1190248,IND,India
1190249,IND,India
1190250,CHN,China
1190251,AUS,Australia
1190252,DZA,Algeria
1190253,MAR,Morocco
1190254,MAR,Morocco
1190255,TUN,Tunisia
1190256,TUN,Tunisia
1190257,TUN,Tunisia
1190258,MAR,Morocco
1190259,MAR,Morocco
1190260,CRY,Canary Islands
1190261,CRY,Canary Islands
1190262,CRY,Canary Islands
1190263,CRY,Canary Islands
1190264,CRY,Canary Islands
1190265,CRY,Canary Islands
1190266,ESP,Spain
1190267,ESP,Spain
1190268,ESP,Spain
1190269,ESP,Spain
1190270,ESP,Spain
1190271,ESP,Spain
1190272,ESP,Spain
1190273,ESP,Spain
1190274,ESP,Spain
1190275,ESP,Spain
1190276,ESP,Spain
1190277,ESP,Spain
1190278,ESP,Spain
1190279,ESP,Spain
1190280,ESP,Spain
1190281,GRC,Greece
1190282,GRC,Greece
1190283,GRC,Greece
1190284,GRC,Greece
1190285,GRC,Greece
1190286,GRC,Greece
1190287,CRT,Crete
1190288,CRT,Crete
1190289,CRT,Crete
1190290,CRT,Crete
1190291,CYP,Cyprus
1190292,CYP,Cyprus
1190293,TUR,Turkey
1190294,TUR,Turkey
1190295,TUR,Turkey
1190296,TUR,Turkey
1190297,TUR,Turkey
1190298,TUR,Turkey
1190299,TUR,Turkey
1190300,TUR,Turkey
1190301,TUR,Turkey
1190302,SYR,Syria
1190303,SYR,Syria
1190304,SYR,Syria
1190305,EGY,Egypt
1190306,IRQ,Iraq
1190307,IRN,Iran
1190308,IRN,Iran
1190309,IRN,Iran
1190310,IRN,Iran
1190311,IRN,Iran
1190312,IRN,Iran
1190313,BUR,Burma
1190314,CHN,China
1190315,CHN,China
1190316,CHN,China
1190317,CHN,China
1190318,CHN,China
1190319,CHN,China
1190320,CHN,China
1190321,CHN,China
1190322,CHN,China
1190323,CHN,China
1190324,CHN,China
1190325,GBR,United Kingdom
1190326,AUS,Australia
1190327,PAL,Palestine
1190328,EGY,Egypt
1190329,,
1190330,EGY,Egypt
1190331,BRA,Brazil
1190332,,
1190333,,
1190334,,
1190335,,
1190336,HUN,Hungary
1190337,HUN,Hungary
1190338,HUN,Hungary
1190339,PRT,Portugal
1190340,ESP,Spain
1190341,ESP,Spain
1190342,ESP,Spain
1190343,ESP,Spain
1190344,ESP,Spain
1190345,BGR,Bulgaria
1190346,BGR,Bulgaria
1190347,BGR,Bulgaria
1190348,BGR,Bulgaria
1190349,BGR,Bulgaria
1190350,BGR,Bulgaria
1190351,YUG,Yugoslavia
1190352,YUG,Yugoslavia
1190353,YUG,Yugoslavia
1190354,YUG,Yugoslavia
1190355,YUG,Yugoslavia
1190356,YUG,Yugoslavia
1190357,YUG,Yugoslavia
1190358,YUG,Yugoslavia
1190359,YUG,Yugoslavia
1190360,YUG,Yugoslavia
1190361,YUG,Yugoslavia
1190362,YUG,Yugoslavia
1190363,YUG,Yugoslavia
1190364,YUG,Yugoslavia
1190365,YUG,Yugoslavia
1190366,YUG,Yugoslavia
1190367,BGR,Bulgaria
1190368,YUG,Yugoslavia
1190369,YUG,Yugoslavia
1190370,YUG,Yugoslavia
1190371,YUG,Yugoslavia
1190372,YUG,Yugoslavia
1190373,IRN,Iran
1190374,IRN,Iran
1190375,IRN,Iran
1190376,IRN,Iran
1190377,IRN,Iran
1190378,IRN,Iran
1190379,IRN,Iran
1190380,IRN,Iran
1190381,IND,India
1190382,IND,India
1190383,GRC,Greece
1190384,GRC,Greece
1190385,ESP,Spain
1190386,ESP,Spain
1190387,ESP,Spain
1190388,ESP,Spain
1190389,PRT,Portugal
1190390,PRT,Portugal
1190391,PRT,Portugal
1190392,PRT,Portugal
1190393,PRT,Portugal
1190394,PRT,Portugal
1190395,PRT,Portugal
1190396,PRT,Portugal
1190397,PRT,Portugal
1190398,PAL,Palestine
1190399,CHN,China
1190400,CHN,China
1190401,PRT,Portugal
1190402,GRC,Greece
1190403,ESP,Spain
1190404,IRN,Iran
1190405,IRN,Iran
1190406,IND,India
1190407,IND,India
1190408,IND,India
1190409,IND,India
1190410,IND,India
1190411,IND,India
1190412,IND,India
1190413,IND,India
1190414,IND,India
1190415,IND,India
1190416,IND,India
1190417,IND,India
1190418,IND,India
1190419,IND,India
1190420,IND,India
1190421,IND,India
1190422,IND,India
1190423,IND,India
1190424,IND,India
1190425,IND,India
1190426,IND,India
1190427,IND,India
1190428,IND,India
1190429,IND,India
1190430,IND,India
1190431,IND,India
1190432,IND,India
1190433,IND,India
1190434,CHN,China
1190435,CHN,China
1190436,CHN,China
1190437,CHN,China
1190438,CHN,China
1190439,CHN,China
1190440,CHN,China
1190441,CHN,China
1190442,CHN,China
1190443,CHN,China
1190444,CHN,China
1190445,CHN,China
1190446,CHN,China
1190447,CHN,China
1190448,ROM,Romania
1190449,ROM,Romania
1190450,ROM,Romania
1190451,ROM,Romania
1190452,AFG,Afghanistan
1190453,AFG,Afghanistan
1190454,AFG,Afghanistan
1190455,AFG,Afghanistan
1190456,AFG,Afghanistan
1190457,AFG,Afghanistan
1190458,AFG,Afghanistan
1190459,AFG,Afghanistan
1190460,AFG,Afghanistan
1190461,AFG,Afghanistan
1190462,AFG,Afghanistan
1190463,AFG,Afghanistan
1190464,AFG,Afghanistan
1190465,AFG,Afghanistan
1190466,AFG,Afghanistan
1190467,AFG,Afghanistan
1190468,AFG,Afghanistan
1190469,AFG,Afghanistan
1190470,AFG,Afghanistan
1190471,AFG,Afghanistan
1190472,AFG,Afghanistan
1190473,AFG,Afghanistan
1190474,AFG,Afghanistan
1190475,AFG,Afghanistan
1190476,AFG,Afghanistan
1190477,PRT,Portugal
1190478,AFG,Afghanistan
1190479,POL,Poland
1190480,POL,Poland
1190481,POL,Poland
1190482,POL,Poland
1190483,POL,Poland
1190484,ITA,Italy
1190485,DZA,Algeria
1190486,SUN,USSR
1190487,SUN,USSR
1190488,SUN,USSR
1190489,SUN,USSR
1190490,FRA,France
1190491,FRA,France
1190492,ESP,Spain
1190493,TUN,Tunisia
1190494,ESP,Spain
1190495,MAR,Morocco
1190496,MAR,Morocco
1190497,MAR,Morocco
1190498,TUR,Turkey
1190499,TUR,Turkey
1190500,IRQ,Iraq
1190501,IRQ,Iraq
1190502,BUR,Burma
1190503,BUR,Burma
1190504,CHN,China
1190505,IRN,Iran
1190506,IRN,Iran
1190507,AUS,Australia
1190508,GRC,Greece
1190509,PRT,Portugal
1190510,PRT,Portugal
1190511,IND,India
1190512,IND,India
1190513,IRN,Iran
1190514,IRN,Iran
1190515,IRN,Iran
1190516,IND,India
1190517,IND,India
1190518,IND,India
1190519,IND,India
1190520,IND,India
1190521,IND,India
1190522,IND,India
1190523,IND,India
1190524,IND,India
1190525,IND,India
1190526,IND,India
1190527,IND,India
1190528,CHN,China
1190529,AFG,Afghanistan
1190530,AFG,Afghanistan
1190531,ESP,Spain
1190532,TUN,Tunisia
1190533,MAR,Morocco
1190534,MAR,Morocco
1190535,TUN,Tunisia
1190536,MAR,Morocco
1190537,TUN,Tunisia
1190538,TUN,Tunisia
1190539,ESP,Spain
1190540,ESP,Spain
1190541,ESP,Spain
1190542,ESP,Spain
1190543,ESP,Spain
1190544,ESP,Spain
1190545,ESP,Spain
1190546,ESP,Spain
1190547,ESP,Spain
1190548,ESP,Spain
1190549,ESP,Spain
1190550,ESP,Spain
1190551,ESP,Spain
1190552,CRY,Canary Islands
1190553,CRY,Canary Islands
1190554,CRY,Canary Islands
1190555,ESP,Spain
1190556,CRY,Canary Islands
1190557,CRY,Canary Islands
1190558,CRY,Canary Islands
1190559,ESP,Spain
1190560,GRC,Greece
1190561,CRT,Crete
1190562,GRC,Greece
1190563,CRT,Crete
1190564,GRC,Greece
1190565,GRC,Greece
1190566,GRC,Greece
1190567,GRC,Greece
1190568,CHN,China
1190569,GRC,Greece
1190570,GRC,Greece
1190571,TUR,Turkey
1190572,SYR,Syria
1190573,TUR,Turkey
1190574,TUR,Turkey
1190575,IRN,Iran
1190576,IRN,Iran
1190577,IRN,Iran
1190578,IRN,Iran
1190579,IRN,Iran
1190580,IRN,Iran
1190581,IRN,Iran
1190582,CHN,China
1190583,CHN,China
1190584,CHN,China
1190585,CHN,China
1190586,CHN,China
1190587,CHN,China
1190588,CHN,China
1190589,CHN,China
1190590,PRT,Portugal
1190591,PRT,Portugal
1190592,PRT,Portugal
1190593,PRT,Portugal
1190594,PRT,Portugal
1190595,PRT,Portugal
1190596,PRT,Portugal
1190597,PRT,Portugal
1190598,PRT,Portugal
1190599,PRT,Portugal
1190600,ESP,Spain
1190601,ESP,Spain
1190602,ESP,Spain
1190603,ESP,Spain
1190604,ESP,Spain
1190605,GRC,Greece
1190606,GRC,Greece
1190607,YUG,Yugoslavia
1190608,YUG,Yugoslavia
1190609,YUG,Yugoslavia
1190610,YUG,Yugoslavia
1190611,YUG,Yugoslavia
1190612,YUG,Yugoslavia
1190613,YUG,Yugoslavia
1190614,YUG,Yugoslavia
1190615,YUG,Yugoslavia
1190616,YUG,Yugoslavia
1190617,YUG,Yugoslavia
1190618,YUG,Yugoslavia
1190619,YUG,Yugoslavia
1190620,YUG,Yugoslavia
1190621,BGR,Bulgaria
1190622,BGR,Bulgaria
1190623,BGR,Bulgaria
1190624,BGR,Bulgaria
1190625,IRN,Iran
1190626,IRN,Iran
1190627,IRN,Iran
1190628,IRN,Iran
1190629,IRN,Iran
1190630,IRN,Iran
1190631,IRN,Iran
1190632,IRN,Iran
1190633,IND,India
1190634,HUN,Hungary
1190635,HUN,Hungary
1190636,TUN,Tunisia
1190637,TUR,Turkey
1190638,CRT,Crete
1190639,CRT,Crete
1190640,IRN,Iran
1190641,IND,India
1190642,IND,India
1190643,IND,India
1190644,IND,India
1190645,IND,India
1190646,IND,India
1190647,CHN,China
1190648,CHN,China
1190649,CHN,China
1190650,CHN,China
1190651,CHN,China
1190652,CHN,China
1190653,CHN,China
1190654,CHN,China
1190655,CHN,China
1190656,CHN,China
1190657,CHN,China
1190658,CHN,China
1190659,CHN,China
1190660,CHN,China
1190661,SUN,USSR
1190662,ROM,Romania
1190663,ROM,Romania
1190664,AFG,Afghanistan
1190665,AFG,Afghanistan
1190666,AFG,Afghanistan
1190667,AFG,Afghanistan
1190668,YUG,Yugoslavia
1190669,CHN,China
1190670,POL,Poland
1190671,SUN,USSR
1190672,POL,Poland
1190673,SUN,USSR
1190674,IRQ,Iraq
1190675,TUN,Tunisia
1190676,TUN,Tunisia
1190677,ESP,Spain
1190678,IRN,Iran
1190679,IRN,Iran
1190680,ITA,Italy
1190681,IRN,Iran
1190682,CRT,Crete
1190683,ESP,Spain
1190684,IRN,Iran
1190685,ESP,Spain
1190686,MAR,Morocco
1190687,TUN,Tunisia
1190688,ESP,Spain
1190689,ESP,Spain
1190690,GRC,Greece
1190691,GRC,Greece
1190692,IND,India
1190693,IRQ,Iraq
1190694,IND,India
1190695,CHN,China
1190696,IND,India
1190697,IND,India
1190698,CHN,China
1190699,CHN,China
1190700,CHN,China
1190701,IRN,Iran
1190702,IRN,Iran
1190703,CHN,China
1190704,IRN,Iran
1190705,IRN,Iran
1190706,IND,India
1190707,IND,India
1190708,IND,India
1190709,IND,India
1190710,IND,India
1190711,IND,India
1190712,IND,India
1190713,IND,India
1190714,IND,India
1190715,IND,India
1190716,IND,India
1190717,CHN,China
1190718,CHN,China
1190719,CHN,China
1190720,CHN,China
1190721,CHN,China
1190722,CHN,China
1190723,AFG,Afghanistan
1190724,IND,India
1190725,CHN,China
1190726,CHN,China
1190727,CHN,China
1190728,IRQ,Iraq
1190729,IRN,Iran
1190730,IND,India
1190731,IND,India
1190732,IND,India
1190733,IRN,Iran
1190734,SUN,USSR
1190735,DZA,Algeria
1190736,SUN,USSR
1190737,ITA,Italy
1190738,SUN,USSR
1190739,IND,India
1190740,SUN,USSR
1190741,AFG,Afghanistan
1190742,DZA,Algeria
1190743,SUN,USSR
1190744,IND,India
1190745,SUN,USSR
1190746,SUN,USSR
1190747,ETH,Ethiopia
1190748,SUN,USSR
1190749,SUN,USSR
1190750,SUN,USSR
1190751,SUN,USSR
1190752,SUN,USSR
1190753,SUN,USSR
1190754,SUN,USSR
1190755,SUN,USSR
1190756,ITA,Italy
1190757,ITA,Italy
1190758,ITA,Italy
1190759,SUN,USSR
1190760,SUN,USSR
1190761,SUN,USSR
1190762,DZA,Algeria
1190763,IND,India
1190764,IND,India
1190765,SUN,USSR
1190766,DZA,Algeria
1190767,SUN,USSR
1190768,IND,India
1190769,DZA,Algeria
1190770,SUN,USSR
1190771,SUN,USSR
1190772,SUN,USSR
1190773,SUN,USSR
1190774,ETH,Ethiopia
1190775,SUN,USSR
1190776,SUN,USSR
1190777,FIN,Finland
1190778,ITA,Italy
1190779,SUN,USSR
1190780,SUN,USSR
1190781,SUN,USSR
1190782,SUN,USSR
1190783,SUN,USSR
1190784,ITA,Italy
1190786,SUN,USSR
1190787,SUN,USSR
1190788,SUN,USSR
1190789,SUN,USSR
1190790,SUN,USSR
1190792,SUN,USSR
1190793,SUN,USSR
1190794,SUN,USSR
1190795,SUN,USSR
1190796,SUN,USSR
1190797,SUN,USSR
1190798,SUN,USSR
1190799,SUN,USSR
1190800,SUN,USSR
1190801,SUN,USSR
1190802,SUN,USSR
1190803,IND,India
1190804,SUN,USSR
1190805,SUN,USSR
1190806,ITA,Italy
1190807,SUN,USSR
1190808,SUN,USSR
1190809,SUN,USSR
1190810,SUN,USSR
1190811,TUN,Tunisia
1190812,CHN,China
1190813,IND,India
1190814,TUN,Tunisia
1190815,,
1190816,ITA,Italy
1190817,CHN,China
1190818,CHN,China
1190819,CHN,China
1190820,CHN,China
1190821,CHN,China
1190822,CHN,China
1190823,CHN,China
1190824,CHN,China
1190825,CHN,China
1190826,CHN,China
1190827,CHN,China
1190828,CHN,China
1190829,CHN,China
1190879,IRQ,Iraq
1190882,CHN,China
1190883,AUS,Australia
1190884,IRN,Iran
1190885,IRN,Iran
1190886,IRN,Iran
1190903,IND,India
1190904,ESP,Spain
1190911,HUN,Hungary
1190912,HUN,Hungary
