"SNP","Chr","Pos","P.value","MAF","nobs","Effect","H&B.P.Value","P_value"
"AX-95177095",2,410813584,2.58965079649869e-07,0.133374689826303,806,4.73995651965052,0.00663442637554998,2.58965079649869e-07
"AX-94454667",2,717177,1.44103258795359e-06,0.202233250620347,806,-3.46388261688574,0.0184589069353915,1.44103258795359e-06
"AX-94442205",11,639849588,1.57886915088561e-05,0.0936724565756824,806,5.48477318980658,0.134830162588461,1.57886915088561e-05
"AX-94702227",7,743060415,9.37698593884356e-05,0.208436724565757,806,-3.76971442082113,0.58384239904812,9.37698593884356e-05
"AX-94596533",1,573313468,0.00013510720463905,0.348014888337469,806,-4.26051189150718,0.58384239904812,0.00013510720463905
"AX-95196508",2,4484598,0.0001760249797285,0.378411910669975,806,2.60890846373242,0.58384239904812,0.0001760249797285
"AX-94447690",21,47016595,0.000180443772432975,0.208436724565757,806,-3.6009008004813,0.58384239904812,0.000180443772432975
"AX-95082873",5,140765055,0.000182315437463795,0.0564516129032258,806,4.07863759648948,0.58384239904812,0.000182315437463795
"AX-94857027",4,762591738,0.000218932975252123,0.173076923076923,806,2.70634126541408,0.599185373705517,0.000218932975252123
"AX-95113708",14,594908647,0.000265003814479977,0.443548387096774,806,1.91758035435391,0.599185373705517,0.000265003814479977
"AX-95084128",11,643651032,0.000297422022495851,0.357320099255583,806,2.33067649008301,0.599185373705517,0.000297422022495851
"AX-95685212",5,141641152,0.000377556341690246,0.0545905707196029,806,3.96014774774793,0.599185373705517,0.000377556341690246
"AX-94743751",4,738828215,0.000385587105928991,0.098014888337469,806,3.82318810962082,0.599185373705517,0.000385587105928991
"AX-94854237",11,428910728,0.000400826900845288,0.156947890818859,806,3.58562731242957,0.599185373705517,0.000400826900845288
"AX-94922499",4,394016402,0.000431011942598254,0.148883374689826,806,2.91679805126076,0.599185373705517,0.000431011942598254
"AX-94862046",6,345251985,0.000474044059965856,0.0955334987593052,806,3.99787899073295,0.599185373705517,0.000474044059965856
"AX-95128040",8,70268416,0.000488078828945154,0.472704714640198,806,-2.06640346704851,0.599185373705517,0.000488078828945154
"AX-94514243",5,140845859,0.000516335261787169,0.473325062034739,806,-7.56071007524162,0.599185373705517,0.000516335261787169
"AX-94836884",1,23130253,0.000536832038273798,0.0893300248138957,806,-3.28931343365417,0.599185373705517,0.000536832038273798
"AX-94866863",14,633506207,0.000540800087016988,0.192307692307692,806,2.40275101122422,0.599185373705517,0.000540800087016988
