"PC","Variance_explained","Cumulative_variance"
1,7.27586436005498,7.27586436005498
2,4.73449768096292,12.0103620410179
3,2.61448986047168,14.6248519014896
4,1.88372810992295,16.5085800114125
5,1.5204024592766,18.0289824706891
6,1.40828823362404,19.4372707043132
7,1.21045401727191,20.6477247215851
8,1.17708916917611,21.8248138907612
9,1.14620108327375,22.971014974035
10,0.988742797725078,23.95975777176
11,0.946892416892258,24.9066501886523
12,0.851216947973927,25.7578671366262
13,0.802350574001082,26.5602177106273
14,0.776748966941774,27.3369666775691
15,0.736560715368797,28.0735273929379
16,0.696582143727406,28.7701095366653
17,0.69304399650407,29.4631535331694
18,0.66252837690608,30.1256819100754
19,0.639209847523506,30.7648917575989
20,0.62542317564351,31.3903149332424
21,0.586944984157799,31.9772599174002
22,0.57139764983218,32.5486575672324
23,0.55707857555021,33.1057361427826
24,0.542999344625646,33.6487354874083
25,0.536972342629196,34.1857078300375
26,0.530147010773506,34.715854840811
27,0.513764092490221,35.2296189333012
28,0.493017709850768,35.722636643152
29,0.482573450483039,36.205210093635
30,0.467723342790349,36.6729334364254
31,0.465439320252603,37.138372756678
32,0.45492482161711,37.5932975782951
33,0.436739590540099,38.0300371688352
34,0.422400071727465,38.4524372405626
35,0.419974916645006,38.8724121572076
36,0.413598852455776,39.2860110096634
37,0.412416940340097,39.6984279500035
38,0.404592986746591,40.1030209367501
39,0.401575902219496,40.5045968389696
40,0.3932304912962,40.8978273302658
41,0.387723641614864,41.2855509718807
42,0.381779106185906,41.6673300780666
43,0.374798724483802,42.0421288025504
44,0.364146804202385,42.4062756067528
45,0.362323758245436,42.7685993649982
46,0.357143108739294,43.1257424737375
47,0.34952541037975,43.4752678841172
48,0.348512508007747,43.823780392125
49,0.344701992213314,44.1684823843383
50,0.342646436633316,44.5111288209716
51,0.332957747657155,44.8440865686288
52,0.33122288720428,45.175309455833
53,0.328404847575765,45.5037143034088
54,0.324469958988438,45.8281842623973
55,0.321652642393352,46.1498369047906
56,0.319559927749134,46.4693968325397
57,0.314764702130644,46.7841615346704
58,0.310765235212384,47.0949267698828
59,0.310382420181479,47.4053091900642
60,0.304617426406217,47.7099266164705
61,0.299981103542137,48.0099077200126
62,0.298206500685857,48.3081142206985
63,0.296369442343345,48.6044836630418
64,0.290258142758725,48.8947418058005
65,0.287530203924976,49.1822720097255
66,0.28656147106419,49.4688334807897
67,0.282834311375822,49.7516677921655
68,0.279629405471886,50.0312971976374
69,0.275739777390451,50.3070369750278
70,0.273884273398497,50.5809212484263
71,0.271173863999097,50.8520951124254
72,0.267585103250891,51.1196802156763
73,0.265015029330736,51.3846952450071
74,0.261961234324202,51.6466564793313
75,0.258766785990647,51.9054232653219
76,0.257717811400268,52.1631410767222
77,0.255421078312142,52.4185621550343
78,0.253943684526487,52.6725058395608
79,0.251153103826522,52.9236589433873
80,0.250208089169689,53.173867032557
81,0.247489695927437,53.4213567284845
82,0.247063591199304,53.6684203196838
83,0.241804311381092,53.9102246310649
84,0.238284932667818,54.1485095637327
85,0.237085032066536,54.3855945957992
86,0.235752697949789,54.621347293749
87,0.233712598868633,54.8550598926176
88,0.23236009969525,55.0874199923129
89,0.230511358315896,55.3179313506288
90,0.22973880021173,55.5476701508405
91,0.22614632449464,55.7738164753352
92,0.224895607270842,55.998712082606
93,0.224081179998621,56.2227932626046
94,0.222040538314388,56.444833800919
95,0.22083456521213,56.6656683661311
96,0.218809673450835,56.884478039582
97,0.217186624267691,57.1016646638497
98,0.214758828716267,57.3164234925659
99,0.212405541909127,57.5288290344751
100,0.212045517751226,57.7408745522263
101,0.209846321063906,57.9507208732902
102,0.207843880710357,58.1585647540006
103,0.206818579841669,58.3653833338422
104,0.204725502540085,58.5701088363823
105,0.202643448848685,58.772752285231
106,0.20208473212668,58.9748370173577
107,0.20160961522676,59.1764466325844
108,0.20124350747551,59.3776901400599
109,0.199774482629927,59.5774646226899
110,0.198684675905542,59.7761492985954
111,0.196285991285276,59.9724352898807
112,0.196203431099563,60.1686387209802
113,0.194655815221905,60.3632945362021
114,0.193207479872628,60.5565020160748
115,0.192780460388336,60.7492824764631
116,0.190725791207638,60.9400082676707
117,0.189509972113781,61.1295182397845
118,0.186237302012151,61.3157555417967
119,0.184775402398894,61.5005309441956
120,0.184254992207122,61.6847859364027
121,0.183945074531549,61.8687310109342
122,0.182435821048025,62.0511668319823
123,0.182060351681966,62.2332271836642
124,0.180159387659055,62.4133865713233
125,0.178329712742744,62.591716284066
126,0.177669506221534,62.7693857902876
127,0.176358274278047,62.9457440645656
128,0.175951618931969,63.1216956834976
129,0.174558491938834,63.2962541754364
130,0.174044103618885,63.4702982790553
131,0.173586286884331,63.6438845659396
132,0.171545315884429,63.8154298818241
133,0.170789035228662,63.9862189170527
134,0.168227995932377,64.1544469129851
135,0.16763198230305,64.3220788952881
136,0.167260620556676,64.4893395158448
137,0.165547969433642,64.6548874852785
138,0.164988838738831,64.8198763240173
139,0.164499338030717,64.984375662048
140,0.162435574476489,65.1468112365245
141,0.161120219494621,65.3079314560191
142,0.160590355662225,65.4685218116814
143,0.160019965593973,65.6285417772753
144,0.159420731533703,65.787962508809
145,0.159081312204473,65.9470438210135
146,0.157664284878276,66.1047081058918
147,0.156408740654893,66.2611168465467
148,0.155595833110204,66.4167126796569
149,0.155137249506964,66.5718499291638
150,0.15422280446831,66.7260727336322
151,0.153659863860065,66.8797325974922
152,0.151968333555391,67.0317009310476
153,0.151060606967363,67.182761538015
154,0.150448413371828,67.3332099513868
155,0.14948931319441,67.4826992645812
156,0.148680330965907,67.6313795955471
157,0.148138458650746,67.7795180541979
158,0.147500511562869,67.9270185657607
159,0.146049003596324,68.073067569357
160,0.144875186492133,68.2179427558492
161,0.143885375920796,68.36182813177
162,0.143735289276313,68.5055634210463
163,0.143016054858882,68.6485794759052
164,0.142503268688191,68.7910827445934
165,0.14150622500749,68.9325889696008
166,0.140225076853446,69.0728140464543
167,0.139275527837348,69.2120895742916
168,0.139149554616519,69.3512391289081
169,0.138199239769827,69.489438368678
170,0.137668877472027,69.62710724615
171,0.136937962969807,69.7640452091198
172,0.136108324562572,69.9001535336824
173,0.135163211950014,70.0353167456324
174,0.134679528332046,70.1699962739644
175,0.133525372205881,70.3035216461703
176,0.132737068728757,70.4362587148991
177,0.13213995552054,70.5683986704196
178,0.131971301836353,70.700369972256
179,0.131479075057875,70.8318490473139
180,0.130967270257759,70.9628163175716
181,0.130443819198427,71.09326013677
182,0.12912676918643,71.2223869059565
183,0.128640488079158,71.3510273940356
184,0.128080156923043,71.4791075509587
185,0.126816223626452,71.6059237745851
186,0.12660345873106,71.7325272333162
187,0.126256423926609,71.8587836572428
188,0.125863317419708,71.9846469746625
189,0.125197573674648,72.1098445483372
190,0.12466911842663,72.2345136667638
191,0.12424507970184,72.3587587464656
192,0.122918517461835,72.4816772639275
193,0.12249136018383,72.6041686241113
194,0.121921064559692,72.726089688671
195,0.120989110826297,72.8470787994973
196,0.120857387465796,72.9679361869631
197,0.120041280624519,73.0879774675876
198,0.119700979409816,73.2076784469974
199,0.118796911859,73.3264753588564
200,0.118652262830591,73.445127621687
201,0.117586921009843,73.5627145426968
202,0.117189846840327,73.6799043895372
203,0.11636949875513,73.7962738882923
204,0.116183284472099,73.9124571727644
205,0.1155944544703,74.0280516272347
206,0.115377638865435,74.1434292661001
207,0.114054727368121,74.2574839934683
208,0.11394894659428,74.3714329400625
209,0.113592426747351,74.4850253668099
210,0.113185275161803,74.5982106419717
211,0.112726082597763,74.7109367245695
212,0.111792290392425,74.8227290149619
213,0.111488602567273,74.9342176175292
214,0.111014156858653,75.0452317743878
215,0.1103806987339,75.1556124731217
216,0.109843013008617,75.2654554861303
217,0.109440048241617,75.374895534372
218,0.109156155465436,75.4840516898374
219,0.108545753819828,75.5925974436572
220,0.107972452665337,75.7005698963226
221,0.107505477858492,75.8080753741811
222,0.107210550280113,75.9152859244612
223,0.1064807274991,76.0217666519603
224,0.105978605821633,76.1277452577819
225,0.105780328208666,76.2335255859906
226,0.104844199283997,76.3383697852746
227,0.104673681677252,76.4430434669518
228,0.104257371531741,76.5473008384836
229,0.1039183107854,76.651219149269
230,0.10330816778765,76.7545273170566
231,0.102582720656208,76.8571100377128
232,0.10240558915993,76.9595156268728
233,0.101924642164096,77.0614402690369
234,0.101694541510558,77.1631348105474
235,0.101303869783922,77.2644386803313
236,0.100782662684097,77.3652213430154
237,0.100548269942739,77.4657696129582
238,0.100394561613374,77.5661641745715
239,0.0997106428988472,77.6658748174704
240,0.0992347727724489,77.7651095902428
241,0.0984212230576273,77.8635308133004
242,0.0980393705891512,77.9615701838896
243,0.0978145156003499,78.0593846994899
244,0.0977431772768225,78.1571278767668
245,0.0976368150667617,78.2547646918335
246,0.0967102147439449,78.3514749065775
247,0.0962097620138823,78.4476846685914
248,0.0957821268218673,78.5434667954132
249,0.095463844503108,78.6389306399164
250,0.0950462364563276,78.7339768763727
251,0.0946149178393546,78.828591794212
252,0.0941557827416133,78.9227475769536
253,0.0936445625654298,79.0163921395191
254,0.0934103407837588,79.1098024803028
255,0.0928081775111384,79.202610657814
256,0.0927678870209054,79.2953785448349
257,0.0921379400457928,79.3875164848807
258,0.0916967448297107,79.4792132297104
259,0.0913793968658623,79.5705926265762
260,0.0909474305815614,79.6615400571578
261,0.0903520862545404,79.7518921434123
262,0.0902575585099336,79.8421497019223
263,0.0896940601266458,79.9318437620489
264,0.0895030834625535,80.0213468455115
265,0.0889762667092071,80.1103231122207
266,0.0887955163370194,80.1991186285577
267,0.0883158101819972,80.2874344387397
268,0.0880162798713427,80.375450718611
269,0.0878958687873327,80.4633465873984
270,0.0875495856256722,80.550896173024
271,0.0871317312706292,80.6380279042947
272,0.0867923527134468,80.7248202570081
273,0.0860021892229565,80.8108224462311
274,0.0857272349820833,80.8965496812132
275,0.0856285826929392,80.9821782639061
276,0.0851723007679991,81.0673505646741
277,0.0844398346396879,81.1517903993138
278,0.0842319175134636,81.2360223168272
279,0.0835610022421106,81.3195833190693
280,0.0833126319670575,81.4028959510364
281,0.082804472942411,81.4857004239788
282,0.0827910738796256,81.5684914978584
283,0.0824562631685024,81.6509477610269
284,0.0822319593192625,81.7331797203462
285,0.0821182214680917,81.8152979418143
286,0.0816671027672465,81.8969650445815
287,0.0813217465784512,81.97828679116
288,0.08092073271399,82.059207523874
289,0.0808018639550566,82.140009387829
290,0.0802736796971133,82.2202830675261
291,0.0799624088512006,82.3002454763773
292,0.0794215356182361,82.3796670119956
293,0.0792186430875076,82.4588856550831
294,0.0790770602280721,82.5379627153112
295,0.0784264688415041,82.6163891841527
296,0.0782403623925059,82.6946295465452
297,0.0781072769419946,82.7727368234872
298,0.0778853602789002,82.850622183766
299,0.077637699196632,82.9282598829627
300,0.0773967067199628,83.0056565896826
301,0.0770563935555977,83.0827129832382
302,0.0768753734284589,83.1595883566667
303,0.0765721304104607,83.2361604870772
304,0.0761836664467493,83.3123441535239
305,0.0758016864892143,83.3881458400131
306,0.0757048254810031,83.4638506654941
307,0.0754447023123147,83.5392953678064
308,0.0750301184711921,83.6143254862776
309,0.0744985481310743,83.6888240344087
310,0.0742326334614831,83.7630566678702
311,0.0736698078549274,83.8367264757251
312,0.0736289892789461,83.910355465004
313,0.0731303417233821,83.9834858067274
314,0.0728655871167274,84.0563513938442
315,0.0727954576012678,84.1291468514454
316,0.0725946088048304,84.2017414602503
317,0.072321194193275,84.2740626544435
318,0.0721279188135851,84.3461905732571
319,0.0720601174310582,84.4182506906882
320,0.0718908209535688,84.4901415116418
321,0.0712726527066791,84.5614141643484
322,0.0711014445168513,84.6325156088653
323,0.070832433926766,84.7033480427921
324,0.0706768101108325,84.7740248529029
325,0.070326821774441,84.8443516746773
326,0.07021324369781,84.9145649183751
327,0.0693465011048007,84.98391141948
328,0.0690933338905629,85.0530047533705
329,0.0690488028265307,85.122053556197
330,0.0685681186025416,85.1906216747996
331,0.0683747375064264,85.258996412306
332,0.068335587973744,85.3273320002798
333,0.0678272682041439,85.3951592684839
334,0.0675347918211583,85.4626940603051
335,0.0672481339884878,85.5299421942936
336,0.0669055293796323,85.5968477236732
337,0.0666827385409978,85.6635304622142
338,0.0665873740487938,85.730117836263
339,0.0663972682961735,85.7965151045592
340,0.0663022378717473,85.8628173424309
341,0.0661201111131898,85.9289374535441
342,0.0655674280526027,85.9945048815967
343,0.065450786090273,86.059955667687
344,0.0651687988603945,86.1251244665474
345,0.0649461415142834,86.1900706080617
346,0.0646664001183995,86.2547370081801
347,0.0645439375568794,86.3192809457369
348,0.0644335693179483,86.3837145150549
349,0.0642371448043536,86.4479516598592
350,0.0640715344816606,86.5120231943409
351,0.0640073257025146,86.5760305200434
352,0.063689597175746,86.6397201172192
353,0.0631132114211356,86.7028333286403
354,0.0630053134373665,86.7658386420777
355,0.0626490630521081,86.8284877051298
356,0.0624524467510452,86.8909401518808
357,0.0622529545814474,86.9531931064623
358,0.0621648258664318,87.0153579323287
359,0.0619543695030175,87.0773123018317
360,0.0615508037825231,87.1388631056142
361,0.0614513453486265,87.2003144509629
362,0.0612612419561569,87.261575692919
363,0.0610891884066162,87.3226648813256
364,0.0609207532424485,87.3835856345681
365,0.060648495553552,87.4442341301216
366,0.0603568768846875,87.5045910070063
367,0.0602309532252991,87.5648219602316
368,0.0601064735242286,87.6249284337558
369,0.0598870100873999,87.6848154438432
370,0.0598073103233072,87.7446227541665
371,0.0592989606975302,87.8039217148641
372,0.0592177871718533,87.8631395020359
373,0.0591095113909383,87.9222490134269
374,0.0589422585008578,87.9811912719277
375,0.0585732296781708,88.0397645016059
376,0.0583359009145815,88.0981004025205
377,0.0580779321170125,88.1561783346375
378,0.0580489668156476,88.2142273014531
379,0.0576896806602041,88.2719169821134
380,0.0575113005890402,88.3294282827024
381,0.057391728525155,88.3868200112276
382,0.0571765907795424,88.4439966020071
383,0.0571358920246657,88.5011324940318
384,0.056856761931882,88.5579892559636
385,0.056572216414033,88.6145614723777
386,0.0565090055800893,88.6710704779578
387,0.0561324994949364,88.7272029774527
388,0.0559092680768628,88.7831122455296
389,0.0558019464468591,88.8389141919764
390,0.0555922655454458,88.8945064575219
391,0.0554036254169947,88.9499100829389
392,0.0553235867211356,89.00523366966
393,0.0550337971710926,89.0602674668311
394,0.0548459459277927,89.1151134127589
395,0.0545810834932256,89.1696944962521
396,0.0543491786076424,89.2240436748598
397,0.0542419135028141,89.2782855883626
398,0.0541136351579565,89.3323992235205
399,0.0537769936935315,89.3861762172141
400,0.0534277045372427,89.4396039217513
401,0.0532961585344174,89.4929000802857
402,0.0531321504585162,89.5460322307442
403,0.0530009295779184,89.5990331603222
404,0.052907609867044,89.6519407701892
405,0.0526714673423311,89.7046122375315
406,0.0523065690496925,89.7569188065812
407,0.052162082048735,89.80908088863
408,0.0520542608284114,89.8611351494584
409,0.0519309068953376,89.9130660563537
410,0.0518432510976789,89.9649093074514
411,0.0517139878243908,90.0166232952758
412,0.0512464696320487,90.0678697649078
413,0.0512396316164759,90.1191093965243
414,0.0510703615988279,90.1701797581232
415,0.050899766455417,90.2210795245786
416,0.0507919968260277,90.2718715214046
417,0.05063743106054,90.3225089524651
418,0.0502558964880912,90.3727648489532
419,0.0501810349471141,90.4229458839003
420,0.0500203324229305,90.4729662163233
421,0.0499804688141634,90.5229466851374
422,0.0497477971324223,90.5726944822699
423,0.0496292633955651,90.6223237456654
424,0.0494479543946486,90.6717717000601
425,0.0492410473910206,90.7210127474511
426,0.0490069186393488,90.7700196660904
427,0.0489438654443772,90.8189635315348
428,0.0487709636529121,90.8677344951877
429,0.048582592185472,90.9163170873732
430,0.0483218278479332,90.9646389152211
431,0.0482348903162871,91.0128738055374
432,0.0480540782823154,91.0609278838197
433,0.0480269287931356,91.1089548126129
434,0.0477083371620803,91.1566631497749
435,0.0475248257244251,91.2041879754994
436,0.0473885770661622,91.2515765525655
437,0.0471538638605828,91.2987304164261
438,0.0470598706187638,91.3457902870449
439,0.0469230873583243,91.3927133744032
440,0.0467039782546392,91.4394173526578
441,0.0465431940342958,91.4859605466921
442,0.0462276789927255,91.5321882256849
443,0.0462012701176156,91.5783894958025
444,0.0459578158262424,91.6243473116287
445,0.0457205459613806,91.6700678575901
446,0.0456675604312458,91.7157354180214
447,0.0455267997139608,91.7612622177353
448,0.0454898820540852,91.8067520997894
449,0.0451689840237675,91.8519210838132
450,0.0450715046601892,91.8969925884733
451,0.044950745984475,91.9419433344578
452,0.0448245186410036,91.9867678530988
453,0.0447417881928619,92.0315096412917
454,0.0444058852484956,92.0759155265402
455,0.0443020475091396,92.1202175740493
456,0.0440110927165228,92.1642286667658
457,0.0439824465605567,92.2082111133264
458,0.0438866225600352,92.2520977358864
459,0.0436765050451095,92.2957742409316
460,0.0435607455966251,92.3393349865282
461,0.0434841824760498,92.3828191690042
462,0.0431875038778034,92.426006672882
463,0.0431670168631385,92.4691736897452
464,0.0430670778818638,92.512240767627
465,0.0430097173383512,92.5552504849654
466,0.0426873311154149,92.5979378160808
467,0.0425105120305004,92.6404483281113
468,0.0422805827434195,92.6827289108547
469,0.0421481757671053,92.7248770866218
470,0.0420878737211646,92.766964960343
471,0.0419342556467631,92.8088992159897
472,0.0419051481149058,92.8508043641046
473,0.0416724032123768,92.892476767317
474,0.0415510501758837,92.9340278174929
475,0.0413720651207842,92.9753998826137
476,0.0413445060443888,93.0167443886581
477,0.0412183670183862,93.0579627556765
478,0.0410720213788366,93.0990347770553
479,0.0408495875689996,93.1398843646243
480,0.0407709490921539,93.1806553137164
481,0.0405990326322892,93.2212543463487
482,0.0404367257464204,93.2616910720951
483,0.0403803312002182,93.3020714032954
484,0.0401502195837592,93.3422216228791
485,0.0399038982382019,93.3821255211173
486,0.0398575346681237,93.4219830557855
487,0.0396520646776266,93.4616351204631
488,0.0396102350432969,93.5012453555064
489,0.0395058771926308,93.540751232699
490,0.039351975643324,93.5801032083423
491,0.0391119262338394,93.6192151345762
492,0.0390254855373892,93.6582406201136
493,0.0389650304080675,93.6972056505216
494,0.0388550457445858,93.7360606962662
495,0.0386147520940524,93.7746754483603
496,0.0385245728075396,93.8132000211678
497,0.0384565099191289,93.851656531087
498,0.0383156741520292,93.889972205239
499,0.038116753852309,93.9280889590913
500,0.0380456546960908,93.9661346137874
501,0.0378638550622317,94.0039984688496
502,0.0377940191457255,94.0417924879953
503,0.0375434878069037,94.0793359758022
504,0.0374268524169981,94.1167628282192
505,0.0373209168309558,94.1540837450502
506,0.0372793559588772,94.191363101009
507,0.0371381502566514,94.2285012512657
508,0.0370616719215396,94.2655629231872
509,0.0369132534237961,94.302476176611
510,0.036754986982387,94.3392311635934
511,0.0366288896021141,94.3758600531955
512,0.0363967688445995,94.4122568220401
513,0.0363839990399177,94.44864082108
514,0.0362573488725379,94.4848981699526
515,0.036001841266162,94.5209000112187
516,0.0359479525415813,94.5568479637603
517,0.0358051409739261,94.5926531047342
518,0.0355921254649384,94.6282452301992
519,0.0355607536884537,94.6638059838876
520,0.0353980235241085,94.6992040074117
521,0.0353173474732677,94.734521354885
522,0.0352120818098373,94.7697334366948
523,0.0350402001062368,94.8047736368011
524,0.034878328058846,94.8396519648599
525,0.0347200870241586,94.8743720518841
526,0.0346765345422046,94.9090485864263
527,0.034374118317625,94.9434227047439
528,0.0343489041885661,94.9777716089325
529,0.0341955767111271,95.0119671856436
530,0.0340048200071495,95.0459720056508
531,0.0339848125832233,95.079956818234
532,0.0338443225288874,95.1138011407629
533,0.0338128804333187,95.1476140211962
534,0.033673584449793,95.181287605646
535,0.0334992575997011,95.2147868632457
536,0.0333884635653003,95.248175326811
537,0.0332639704213345,95.2814392972323
538,0.0331390520721256,95.3145783493044
539,0.033030677867128,95.3476090271716
540,0.0329059791057397,95.3805150062773
541,0.0328507707705536,95.4133657770479
542,0.0327722602155713,95.4461380372634
543,0.0326406159489917,95.4787786532124
544,0.0326272778109311,95.5114059310233
545,0.0324826424533091,95.5438885734767
546,0.0323530844631574,95.5762416579398
547,0.0322552060172129,95.608496863957
548,0.0321350723414615,95.6406319362985
549,0.0320402933654761,95.672672229664
550,0.0317450794447504,95.7044173091087
551,0.0316676563273095,95.736084965436
552,0.0315301035829795,95.767615069019
553,0.0312697698829533,95.7988848389019
554,0.0311988178276185,95.8300836567296
555,0.0311738912364054,95.861257547966
556,0.0309969185407075,95.8922544665067
557,0.0309491531095299,95.9232036196162
558,0.0308134698882583,95.9540170895045
559,0.030737551147173,95.9847546406516
560,0.0306704724195688,96.0154251130712
561,0.0306233525850279,96.0460484656562
562,0.0304326377904918,96.0764811034467
563,0.0302667380709419,96.1067478415177
564,0.0302406407394743,96.1369884822571
565,0.0300826189244532,96.1670711011816
566,0.029948320052967,96.1970194212346
567,0.0298698614430502,96.2268892826776
568,0.0297127255087436,96.2566020081863
569,0.0295961449755621,96.2861981531619
570,0.0294749903443187,96.3156731435062
571,0.0294066819584973,96.3450798254647
572,0.0292454329509513,96.3743252584157
573,0.0291412098913678,96.403466468307
574,0.0291054928786098,96.4325719611856
575,0.0290282394039898,96.4616002005896
576,0.0288684000593741,96.490468600649
577,0.02881102892205,96.5192796295711
578,0.0286876579626809,96.5479672875337
579,0.0285853983795476,96.5765526859133
580,0.0285056215607036,96.605058307474
581,0.0283859223010182,96.633444229775
582,0.0283321471690897,96.6617763769441
583,0.0282070274890684,96.6899834044332
584,0.0280849392180367,96.7180683436512
585,0.0280089862046857,96.7460773298559
586,0.027950303658731,96.7740276335146
587,0.0277829891227193,96.8018106226373
588,0.0277109022154304,96.8295215248528
589,0.0274743713547152,96.8569958962075
590,0.02746202530789,96.8844579215153
591,0.0274268745306578,96.911884796046
592,0.0271954093072686,96.9390802053533
593,0.0270983465091365,96.9661785518624
594,0.0269815637277232,96.9931601155901
595,0.0269188311408524,97.020078946731
596,0.0268408173990506,97.04691976413
597,0.0266458733130228,97.073565637443
598,0.0265114539326262,97.1000770913757
599,0.0264178912938451,97.1264949826695
600,0.0263419606830957,97.1528369433526
601,0.0261507685809277,97.1789877119336
602,0.0260160051994523,97.205003717133
603,0.0259515660413326,97.2309552831743
604,0.0258918783068667,97.2568471614812
605,0.0258033135202141,97.2826504750014
606,0.0256795091751905,97.3083299841766
607,0.0256341452456185,97.3339641294222
608,0.0255774822139352,97.3595416116362
609,0.0254550853523288,97.3849966969885
610,0.0254219842837603,97.4104186812723
611,0.0253760752381275,97.4357947565104
612,0.0251946156490176,97.4609893721594
613,0.0249897515335272,97.4859791236929
614,0.0248827764598397,97.5108619001528
615,0.0247824798050179,97.5356443799578
616,0.0246646331774528,97.5603090131352
617,0.0245795881730715,97.5848886013083
618,0.0244750773420861,97.6093636786504
619,0.0244594413321229,97.6338231199825
620,0.024267444991576,97.6580905649741
621,0.0241552666895107,97.6822458316636
622,0.0239692297576125,97.7062150614212
623,0.0239488876311011,97.7301639490523
624,0.0238909153158847,97.7540548643682
625,0.0238089525487892,97.777863816917
626,0.0236036459097814,97.8014674628268
627,0.0235760326509674,97.8250434954777
628,0.0235048544471869,97.8485483499249
629,0.0232867643947471,97.8718351143197
630,0.0232537113034552,97.8950888256231
631,0.0231352128551468,97.9182240384783
632,0.0229722133031194,97.9411962517814
633,0.0229473665922692,97.9641436183737
634,0.022807643802669,97.9869512621763
635,0.0227682338287664,98.0097194960051
636,0.0226619168164128,98.0323814128215
637,0.0224673841726905,98.0548487969942
638,0.0223438623258181,98.07719265932
639,0.0223074997678293,98.0995001590878
640,0.0221119652004277,98.1216121242883
641,0.02206388404626,98.1436760083345
642,0.0219734932358192,98.1656495015703
643,0.0219315801215452,98.1875810816919
644,0.0217296973884014,98.2093107790803
645,0.0215845076171231,98.2308952866974
646,0.0215421558772167,98.2524374425746
647,0.0214468476800929,98.2738842902547
648,0.0213093768348453,98.2951936670896
649,0.021248707795286,98.3164423748848
650,0.0211140778575967,98.3375564527424
651,0.0209910709607394,98.3585475237032
652,0.0208687559040572,98.3794162796072
653,0.0208250487962385,98.4002413284035
654,0.0207521116103723,98.4209934400139
655,0.0206158778122125,98.4416093178261
656,0.0204322530101186,98.4620415708362
657,0.020384071841435,98.4824256426776
658,0.0202455406611311,98.5026711833388
659,0.0201597678693656,98.5228309512081
660,0.0199739339848955,98.542804885193
661,0.0198836998309786,98.562688585024
662,0.0197554688658996,98.5824440538899
663,0.0196614901754419,98.6021055440653
664,0.0196049894968081,98.6217105335622
665,0.0195040212241028,98.6412145547863
666,0.0194031437442459,98.6606176985305
667,0.0192938684694876,98.679911567
668,0.0191857173248646,98.6990972843248
669,0.019087515949021,98.7181848002739
670,0.0189408810317957,98.7371256813057
671,0.0187918246293186,98.755917505935
672,0.0186328334849344,98.7745503394199
673,0.0185724642395011,98.7931228036594
674,0.0184432793227128,98.8115660829821
675,0.0183355258016984,98.8299016087838
676,0.0182908963174551,98.8481925051013
677,0.0180826523530501,98.8662751574543
678,0.0179809857622216,98.8842561432165
679,0.0177743622151532,98.9020305054317
680,0.0177415673756078,98.9197720728073
681,0.0176767548465775,98.9374488276539
682,0.0176234258217001,98.9550722534756
683,0.0175205748283295,98.9725928283039
684,0.0173887927261843,98.9899816210301
685,0.0172934480218247,99.0072750690519
686,0.0171868182972366,99.0244618873491
687,0.0170104974636323,99.0414723848128
688,0.0168524031886532,99.0583247880014
689,0.0168019561828151,99.0751267441842
690,0.0166315603429032,99.0917583045271
691,0.0165854496738777,99.108343754201
692,0.0162492625275268,99.1245930167286
693,0.0161742498985517,99.1407672666271
694,0.016148325472769,99.1569155920999
695,0.0158057144908797,99.1727213065908
696,0.0156807443044246,99.1884020508952
697,0.0156439264648947,99.2040459773601
698,0.0154663408757443,99.2195123182358
699,0.0153990781517602,99.2349113963876
700,0.0151015689221213,99.2500129653097
701,0.015086289441436,99.2650992547511
702,0.0149696850395893,99.2800689397907
703,0.0148032277977678,99.2948721675885
704,0.014697807625347,99.3095699752138
705,0.0145476077197182,99.3241175829336
706,0.0141900913639095,99.3383076742975
707,0.0140657257068494,99.3523734000043
708,0.0139315608967489,99.3663049609011
709,0.0137889711726086,99.3800939320737
710,0.0134065611900073,99.3935004932637
711,0.0131773472239228,99.4066778404876
712,0.013025761001416,99.419703601489
713,0.0125771734399843,99.432280774929
714,0.0123495991503133,99.4446303740793
715,0.0122089938954253,99.4568393679747
716,0.0120404907474514,99.4688798587222
717,0.0112406776397678,99.480120536362
718,0.0107001386340543,99.490820674996
719,0.0105074573500022,99.501328132346
720,0.0100770446429979,99.511405176989
721,0.0100250341600839,99.5214302111491
722,0.00984801574891376,99.531278226898
723,0.00971817878293124,99.5409964056809
724,0.00917305727032484,99.5501694629513
725,0.0091015949074573,99.5592710578587
726,0.00862785160407505,99.5678989094628
727,0.00851652936188208,99.5764154388247
728,0.00842304046684844,99.5848384792915
729,0.0081567584792258,99.5929952377708
730,0.00813299654412137,99.6011282343149
731,0.00796718815526913,99.6090954224701
732,0.00774561275648199,99.6168410352266
733,0.00762113504149625,99.6244621702681
734,0.00760145609032699,99.6320636263584
735,0.00739417192715726,99.6394577982856
736,0.00731049669409214,99.6467682949797
737,0.00709349884736191,99.6538617938271
738,0.0070226679040522,99.6608844617311
739,0.00690091589176191,99.6677853776229
740,0.00681706157348588,99.6746024391964
741,0.00673083611028112,99.6813332753066
742,0.00654892593483028,99.6878822012415
743,0.00643482560617327,99.6943170268477
744,0.00640915666178991,99.7007261835094
745,0.00612680572872777,99.7068529892382
746,0.00598716636202211,99.7128401556002
747,0.00583579455883402,99.718675950159
748,0.0057987522433694,99.7244747024024
749,0.0057559330866493,99.730230635489
750,0.00558328731488051,99.7358139228039
751,0.00548680866809264,99.741300731472
752,0.00542096608039859,99.7467216975524
753,0.00533990679325054,99.7520616043457
754,0.00529472056590859,99.7573563249116
755,0.00522996981858155,99.7625862947302
756,0.00499715152914065,99.7675834462593
757,0.0049315454300026,99.7725149916893
758,0.0049255377031867,99.7774405293925
759,0.00483263980249417,99.782273169195
760,0.00480355375143719,99.7870767229464
761,0.00469168000242447,99.7917684029488
762,0.004624531847558,99.7963929347964
763,0.00455786498447038,99.8009507997809
764,0.00447625630275633,99.8054270560836
765,0.00443505244975119,99.8098621085334
766,0.00441678049116293,99.8142788890245
767,0.00434867978533555,99.8186275688099
768,0.00427886256481138,99.8229064313747
769,0.00422909661115859,99.8271355279859
770,0.00421461839149263,99.8313501463773
771,0.00413639631992116,99.8354865426973
772,0.00406768326034683,99.8395542259576
773,0.00404278629591182,99.8435970122535
774,0.00398424926886405,99.8475812615224
775,0.00396398249828381,99.8515452440207
776,0.00393225103185283,99.8554774950525
777,0.00385422290643153,99.859331717959
778,0.00380051571340315,99.8631322336724
779,0.00376255514988098,99.8668947888222
780,0.00374233484655845,99.8706371236688
781,0.00366440663978512,99.8743015303086
782,0.00363009949344023,99.877931629802
783,0.0036038174473151,99.8815354472493
784,0.00358401816569789,99.885119465415
785,0.00353363481118988,99.8886531002262
786,0.00351738640951684,99.8921704866357
787,0.00348414648142333,99.8956546331172
788,0.00345796742878829,99.899112600546
789,0.00343897280652041,99.9025515733525
790,0.00340917555854316,99.905960748911
791,0.00335088477507449,99.9093116336861
792,0.00332105674104063,99.9126326904271
793,0.00325530391825384,99.9158879943454
794,0.00324342865076862,99.9191314229961
795,0.00322729538219343,99.9223587183783
796,0.00319951813946557,99.9255582365178
797,0.00312948789678614,99.9286877244146
798,0.00311342138228107,99.9318011457969
799,0.00306977299887073,99.9348709187957
800,0.00302910378932119,99.937900022585
801,0.00297480206197805,99.940874824647
802,0.00295482028352697,99.9438296449306
803,0.00289650076456527,99.9467261456951
804,0.00283557534952483,99.9495617210446
805,0.00280297508590546,99.9523646961305
806,0.0027562188395338,99.9551209149701
807,0.00270208390029178,99.9578229988704
808,0.00263248436268305,99.960455483233
809,0.00258003472432921,99.9630355179574
810,0.00256369760650205,99.9655992155639
811,0.00254701340835608,99.9681462289722
812,0.00240620872148141,99.9705524376937
813,0.00234408377839805,99.9728965214721
814,0.00229253183205907,99.9751890533042
815,0.00218667263265053,99.9773757259368
816,0.00218044718189874,99.9795561731187
817,0.00211890309504988,99.9816750762138
818,0.00210289812989218,99.9837779743437
819,0.00202964584722383,99.9858076201909
820,0.00200300735063961,99.9878106275415
821,0.00195908761581045,99.9897697151574
822,0.00190005404797849,99.9916697692053
823,0.00189565763247276,99.9935654268378
824,0.00170613876456939,99.9952715656024
825,0.00166607640012307,99.9969376420025
826,0.00154191286378946,99.9984795548663
827,0.00152044513341632,99.9999999999997
828,2.55100882586244e-29,99.9999999999997
